"id","name","alt","uploader_category_id","user_id","publish_begin","publish_end","created","modified"
"1","aip2015orientation.pdf","aip2015orientation.pdf","","1","","","2015-04-01 15:17:32","2015-04-01 15:17:32"
"2","aipcafe.jpg","aipcafe.jpg","","1","","","2015-04-07 18:04:19","2015-04-07 18:04:19"
"3","CodeForFukuoka.jpg","CodeForFukuoka.jpg","","1","","","2015-04-07 20:56:10","2015-04-07 20:56:10"
"4","StartupCafe.jpg","StartupCafe.jpg","","1","","","2015-04-07 20:57:29","2015-04-07 20:57:29"
"5","aiplogo.png","aiplogo.png","","1","","","2015-04-07 22:18:41","2015-04-07 22:18:41"
"6","IMG_0058.jpg","IMG_0058.jpg","","1","","","2015-05-18 16:32:49","2015-05-18 16:32:49"
"7","IMG_0059.jpg","IMG_0059.jpg","","1","","","2015-05-18 16:32:57","2015-05-18 16:32:57"
"8","IMG_0058a.jpg","IMG_0058a.jpg","","1","","","2015-05-18 16:35:26","2015-05-18 16:35:26"
"9","tenjin_wifi_logo.gif","tenjin_wifi_logo.gif","","1","","","2015-05-21 10:49:58","2015-05-21 10:49:58"
"10","tenjinwifi21.gif","tenjinwifi21.gif","","1","","","2015-05-21 10:57:00","2015-05-21 10:57:00"
"11","11217521_10206311839742313_4349664843740391851_n.jpg","11217521_10206311839742313_4349664843740391851_n.jpg","","1","","","2015-05-24 16:45:04","2015-05-24 16:45:04"
"12","20308_10206311839342303_3356147275786163750_n.jpg","20308_10206311839342303_3356147275786163750_n.jpg","","1","","","2015-05-24 16:45:37","2015-05-24 16:45:37"
"13","daimyo_now.jpg","daimyo_now.jpg","","1","","","2015-05-27 14:02:25","2015-05-27 14:02:25"
"14","IMG_4014.jpg","IMG_4014.jpg","","1","","","2015-06-01 10:48:27","2015-06-01 10:48:28"
"15","shin002.jpg","shin002.jpg","","1","","","2015-06-08 11:41:01","2015-06-08 11:41:02"
"16","shin003.jpg","shin003.jpg","","1","","","2015-06-08 11:41:09","2015-06-08 11:41:10"
"17","shin005.jpg","shin005.jpg","","1","","","2015-06-08 11:42:47","2015-06-08 11:42:48"
"18","AIP_teikan.pdf","AIP_teikan.pdf","","1","","","2015-06-24 18:01:29","2015-06-24 18:01:29"
"19","devope001.png","devope001.png","","1","","","2015-07-15 10:29:58","2015-07-15 10:30:00"
"20","devope002.png","devope002.png","","1","","","2015-07-15 10:30:06","2015-07-15 10:30:09"
"21","devope003.png","devope003.png","","1","","","2015-07-15 10:30:15","2015-07-15 10:30:17"
"22","NewProductCevelopSupportCharacteristic.png","NewProductCevelopSupportCharacteristic.png","","1","","","2015-07-20 14:38:33","2015-07-20 14:38:34"
"23","devop001.jpg","devop001.jpg","","1","","","2015-07-25 12:12:57","2015-07-25 12:12:57"
"24","devop002.jpg","devop002.jpg","","1","","","2015-07-25 12:19:02","2015-07-25 12:19:03"
"25","mg001.jpg","mg001.jpg","","1","","","2015-07-25 13:34:23","2015-07-25 13:34:24"
"26","mg002.jpg","mg002.jpg","","1","","","2015-07-25 13:34:36","2015-07-25 13:34:37"
"27","mg003.jpg","mg003.jpg","","1","","","2015-07-25 13:34:43","2015-07-25 13:34:43"
"28","mg004.jpg","mg004.jpg","","1","","","2015-07-25 13:34:50","2015-07-25 13:34:51"
"29","NewProductCevelopSupport5Characteristic.png","NewProductCevelopSupport5Characteristic.png","","1","","","2015-07-30 17:27:36","2015-07-30 17:27:38"
"30","PFI_20150314_AIP_pdf.jpg","PFI_20150314_AIP_pdf.jpg","","1","","","2015-08-07 10:14:20","2015-08-07 10:14:21"
"31","002.png","002.png","","1","","","2015-08-11 15:45:59","2015-08-11 15:46:01"
"32","003.png","003.png","","1","","","2015-08-11 15:46:10","2015-08-11 15:46:12"
"33","004.png","004.png","","1","","","2015-08-11 15:46:20","2015-08-11 15:46:22"
"34","highSchool001_2014.jpg","highSchool001_2014.jpg","","1","","","2015-08-17 09:20:32","2015-08-17 09:20:33"
"35","highSchool002_2014.jpg","highSchool002_2014.jpg","","1","","","2015-08-17 09:20:52","2015-08-17 09:20:53"
"36","highSchool003_2014.jpg","highSchool003_2014.jpg","","1","","","2015-08-17 09:21:00","2015-08-17 09:21:02"
"37","DSCF8942.jpg","DSCF8942.JPG","","1","","","2015-08-17 16:44:30","2015-08-17 16:44:31"
"38","DSCF8949.jpg","DSCF8949.jpg","","1","","","2015-08-17 16:44:58","2015-08-17 16:44:59"
"39","実践型ICT人材育成講座150803Ver2_ppt.jpg","実践型ICT人材育成講座150803Ver2_ppt.jpg","","1","","","2015-08-24 13:39:49","2015-08-24 13:39:49"
"40","実践型ICT人材育成講座150803Ver3_2_ppt.jpg","実践型ICT人材育成講座150803Ver3_2_ppt.jpg","","1","","","2015-08-24 13:45:56","2015-08-24 13:45:57"
"41","講座募集案内Ver150819_ppt.jpg","講座募集案内Ver150819_ppt.jpg","","1","","","2015-08-24 14:04:09","2015-08-24 14:04:10"
"42","ICT001.jpg","ICT001.jpg","","1","","","2015-08-24 14:05:41","2015-08-24 14:05:41"
"43","ICT002.jpg","ICT002.jpg","","1","","","2015-08-24 14:06:00","2015-08-24 14:06:01"
"44","ICT003.jpg","ICT003.jpg","","1","","","2015-08-24 14:06:20","2015-08-24 14:06:21"
"45","スクリーンショット 2015-09-01 15.28.50.png","スクリーンショット 2015-09-01 15.28.50.png","","1","","","2015-09-01 15:29:28","2015-09-01 15:29:31"
"46","橋本司さん.jpg","橋本司さん.jpg","","1","","","2015-09-01 15:35:29","2015-09-01 15:35:29"
"47","hipsship.jpg","hipsship.jpg","","1","","","2015-09-01 15:43:01","2015-09-01 15:43:07"
"48","ヒペリカム.jpg","ヒペリカム.jpg","","1","","","2015-09-01 15:52:41","2015-09-01 15:52:42"
"49","彩愛.jpg","彩愛.jpg","","1","","","2015-09-01 15:56:01","2015-09-01 15:56:04"
"50","smile.jpg","smile.jpg","","1","","","2015-09-01 15:59:19","2015-09-01 15:59:29"
"51","zero-dash.jpg","zero-dash.jpg","","1","","","2015-09-01 16:10:41","2015-09-01 16:10:41"
"52","しくみデザイン中村さん.jpg","しくみデザイン中村さん.jpg","","1","","","2015-09-01 16:13:31","2015-09-01 16:13:31"
"53","アイデアソン.jpg","アイデアソン.jpg","","1","","","2015-09-01 17:16:14","2015-09-01 17:16:15"
"54","アイデアソン２.jpg","アイデアソン２.jpg","","1","","","2015-09-01 17:17:40","2015-09-01 17:17:45"
"55","hipsshipアイデア.jpg","hipsshipアイデア.jpg","","1","","","2015-09-01 17:35:52","2015-09-01 17:35:52"
"56","彩愛アイデア.jpg","彩愛アイデア.jpg","","1","","","2015-09-01 17:38:03","2015-09-01 17:38:09"
"57","ヒペリカムアイデア.jpg","ヒペリカムアイデア.jpg","","1","","","2015-09-01 17:41:43","2015-09-01 17:41:49"
"58","smileアイデア.jpg","smileアイデア.jpg","","1","","","2015-09-01 17:43:59","2015-09-01 17:44:06"
"59","zero-dashアイデア.jpg","zero-dashアイデア.jpg","","1","","","2015-09-01 17:49:19","2015-09-01 17:49:25"
"60","オマケ.jpg","オマケ.jpg","","1","","","2015-09-01 17:55:28","2015-09-01 17:55:28"
"61","DSCN0166.jpg","DSCN0166.jpg","","1","","","2015-09-04 14:37:48","2015-09-04 14:37:49"
"62","jsee001.jpg","jsee001.jpg","","1","","","2015-09-04 14:39:05","2015-09-04 14:39:05"
"63","jsee002.jpg","jsee002.jpg","","1","","","2015-09-04 14:39:12","2015-09-04 14:39:13"
"64","jsee003.jpg","jsee003.jpg","","1","","","2015-09-04 14:39:19","2015-09-04 14:39:19"
"65","jsee004.jpg","jsee004.jpg","","1","","","2015-09-04 14:39:25","2015-09-04 14:39:26"
